scenario,N,seconds,throughput_ops_s,trades,orders
same_price,1000,0.000218482,4.57704e+06,800,1000
spread,1000,0.000150674,6.63685e+06,826,1000
crossing,1000,9.6577e-05,1.03544e+07,583,1000
same_price,10000,0.00089842,1.11307e+07,8000,10000
spread,10000,0.0012944,7.72562e+06,8303,10000
crossing,10000,0.000845477,1.18276e+07,5833,10000
same_price,50000,0.00740855,6.74895e+06,40000,50000
spread,50000,0.00634223,7.88367e+06,41577,50000
crossing,50000,0.00372056,1.34388e+07,29166,50000
